S.NO,State_Name,Crop_Type,Crop,N,P,K,pH,rainfall,temperature,Area_in_hectares,Production_in_tons,Yield_ton_per_hec
1,tamil nadu,whole year,rice,80,40,40,5.32,884.5,27.65454545,18703,57670,3.083462546
2,tamil nadu,whole year,rice,80,40,40,5.36,884.5,27.65454545,116625,358110,3.070610932
3,tamil nadu,whole year,rice,80,40,40,5.58,884.5,27.65454545,64393,203890,3.166337956
4,tamil nadu,whole year,rice,80,40,40,5.42,884.5,27.65454545,27589,136520,4.94834898
5,tamil nadu,whole year,rice,80,40,40,5.58,884.5,27.65454545,60892,268930,4.416507916
6,tamil nadu,whole year,rice,80,40,40,5.42,884.5,27.65454545,154694,505700,3.269034352
7,tamil nadu,whole year,rice,80,40,40,5.46,884.5,27.65454545,31244,118640,3.797209064
8,tamil nadu,whole year,rice,80,40,40,5.58,884.5,27.65454545,16448,48590,2.95415856
9,tamil nadu,whole year,rice,80,40,40,5.52,884.5,27.65454545,83061,314380,3.784929148
10,tamil nadu,whole year,rice,80,40,40,5.44,884.5,27.65454545,156953,269630,1.717902812
11,tamil nadu,whole year,rice,80,40,40,5.64,884.5,27.65454545,23983,99150,4.134178376
12,tamil nadu,whole year,rice,80,40,40,5.68,884.5,27.65454545,49849,152820,3.065658288
13,tamil nadu,whole year,rice,80,40,40,5.5,884.5,27.65454545,88303,242810,2.749736702
14,tamil nadu,whole year,rice,80,40,40,5.4,884.5,27.65454545,144633,480490,3.32213257
15,tamil nadu,whole year,rice,80,40,40,5.42,884.5,27.65454545,46481,187980,4.044233128
16,tamil nadu,whole year,rice,80,40,40,5.48,884.5,27.65454545,90931,221560,2.436572786
17,tamil nadu,whole year,rice,80,40,40,5.38,884.5,27.65454545,181496,489770,2.698516772
18,tamil nadu,whole year,rice,80,40,40,5.62,884.5,27.65454545,1716,5980,3.484848485
19,tamil nadu,whole year,rice,80,40,40,5.64,884.5,27.65454545,19833,61810,3.116522967
20,tamil nadu,whole year,rice,80,40,40,5.46,884.5,27.65454545,111895,434770,3.885517673
21,tamil nadu,whole year,rice,80,40,40,5.66,884.5,27.65454545,168205,285510,1.697393062
22,tamil nadu,whole year,rice,80,40,40,5.42,884.5,27.65454545,67730,223530,3.300310055
23,tamil nadu,whole year,rice,80,40,40,5.66,884.5,27.65454545,88781,325650,3.668014553
24,tamil nadu,whole year,rice,80,40,40,5.48,884.5,27.65454545,142223,405680,2.852421901
25,tamil nadu,whole year,rice,80,40,40,5.5,884.5,27.65454545,17907,78650,4.392137153
26,tamil nadu,whole year,rice,80,40,40,5.52,884.5,27.65454545,71607,236910,3.308475428
27,tamil nadu,whole year,rice,80,40,40,5.36,884.5,27.65454545,178161,566360,3.178922435
28,tamil nadu,whole year,rice,80,40,40,5.34,884.5,27.65454545,36208,112240,3.099867433
29,tamil nadu,kharif,rice,80,40,40,5.5,297.66,29.56666667,15034,51575,3.430557403
30,tamil nadu,kharif,rice,80,40,40,5.34,297.66,29.56666667,121285,418149,3.447656347
31,tamil nadu,kharif,rice,80,40,40,5.34,297.66,29.56666667,57072,196352,3.440426128
32,tamil nadu,kharif,rice,80,40,40,5.46,297.66,29.56666667,27278,93305,3.420522032
33,tamil nadu,kharif,rice,80,40,40,5.66,297.66,29.56666667,67387,232121,3.444596139
34,tamil nadu,kharif,rice,80,40,40,5.52,297.66,29.56666667,207871,711233,3.421511418
35,tamil nadu,kharif,rice,80,40,40,5.66,297.66,29.56666667,32907,115066,3.496702829
36,tamil nadu,kharif,rice,80,40,40,5.68,297.66,29.56666667,16961,58225,3.43287542
37,tamil nadu,kharif,rice,80,40,40,5.64,297.66,29.56666667,88338,303471,3.435339265
38,tamil nadu,kharif,rice,80,40,40,5.5,297.66,29.56666667,159249,551392,3.462451884
39,tamil nadu,kharif,rice,80,40,40,5.58,297.66,29.56666667,24167,83225,3.443745604
40,tamil nadu,kharif,rice,80,40,40,5.44,297.66,29.56666667,47814,164567,3.441816204
41,tamil nadu,kharif,rice,80,40,40,5.54,297.66,29.56666667,107199,368902,3.441282102
42,tamil nadu,kharif,rice,80,40,40,5.38,297.66,29.56666667,136902,471001,3.440424537
43,tamil nadu,kharif,rice,80,40,40,5.4,297.66,29.56666667,48400,166121,3.432252066
44,tamil nadu,kharif,rice,80,40,40,5.38,297.66,29.56666667,88087,302924,3.438918342
45,tamil nadu,kharif,rice,80,40,40,5.64,297.66,29.56666667,194652,674525,3.465286768
46,tamil nadu,kharif,rice,80,40,40,5.4,297.66,29.56666667,2611,9192,3.520490234
47,tamil nadu,kharif,rice,80,40,40,5.6,297.66,29.56666667,21747,75580,3.475421897
48,tamil nadu,kharif,rice,80,40,40,5.54,297.66,29.56666667,140703,484861,3.445989069
49,tamil nadu,kharif,rice,80,40,40,5.44,297.66,29.56666667,179042,618912,3.456797846
50,tamil nadu,kharif,rice,80,40,40,5.52,297.66,29.56666667,70659,244008,3.453318049
51,tamil nadu,kharif,rice,80,40,40,5.68,297.66,29.56666667,95655,327029,3.418838534
52,tamil nadu,kharif,rice,80,40,40,5.64,297.66,29.56666667,143990,492446,3.420001389
53,tamil nadu,kharif,rice,80,40,40,5.68,297.66,29.56666667,22709,78052,3.437051389
54,tamil nadu,kharif,rice,80,40,40,5.46,297.66,29.56666667,77109,263941,3.422959706
55,tamil nadu,kharif,rice,80,40,40,5.32,297.66,29.56666667,156618,539236,3.443001443
56,tamil nadu,kharif,rice,80,40,40,5.36,297.66,29.56666667,34953,119875,3.42960547
57,tamil nadu,kharif,rice,80,40,40,5.38,297.66,29.56666667,16875,60494,3.58482963
58,tamil nadu,kharif,rice,80,40,40,5.64,297.66,29.56666667,127843,447523,3.500567102
59,tamil nadu,kharif,rice,80,40,40,5.48,297.66,29.56666667,60472,201243,3.32787075
60,tamil nadu,kharif,rice,80,40,40,5.46,297.66,29.56666667,28437,118998,4.184618631
61,tamil nadu,kharif,rice,80,40,40,5.54,297.66,29.56666667,64481,270611,4.196755633
62,tamil nadu,kharif,rice,80,40,40,5.34,297.66,29.56666667,193691,618958,3.195595046
63,tamil nadu,kharif,rice,80,40,40,5.46,297.66,29.56666667,31472,143642,4.564120488
64,tamil nadu,kharif,rice,80,40,40,5.32,297.66,29.56666667,17279,56473,3.268302564
65,tamil nadu,kharif,rice,80,40,40,5.34,297.66,29.56666667,79103,331342,4.188741261
66,tamil nadu,kharif,rice,80,40,40,5.5,297.66,29.56666667,162381,518670,3.194154489
67,tamil nadu,kharif,rice,80,40,40,5.38,297.66,29.56666667,22710,105619,4.650770586
68,tamil nadu,kharif,rice,80,40,40,5.56,297.66,29.56666667,45376,146412,3.226639633
69,tamil nadu,kharif,rice,80,40,40,5.42,297.66,29.56666667,102047,347210,3.402451811
70,tamil nadu,kharif,rice,80,40,40,5.38,297.66,29.56666667,128536,98806,0.768702931
71,tamil nadu,kharif,rice,80,40,40,5.42,297.66,29.56666667,45863,186402,4.064322002
72,tamil nadu,kharif,rice,80,40,40,5.38,297.66,29.56666667,83771,170503,2.035346361
73,tamil nadu,kharif,rice,80,40,40,5.6,297.66,29.56666667,189074,610534,3.229074331
74,tamil nadu,kharif,rice,80,40,40,5.42,297.66,29.56666667,1830,6334,3.461202186
75,tamil nadu,kharif,rice,80,40,40,5.62,297.66,29.56666667,20706,78300,3.781512605
76,tamil nadu,kharif,rice,80,40,40,5.62,297.66,29.56666667,125321,467581,3.731066621
77,tamil nadu,kharif,rice,80,40,40,5.32,297.66,29.56666667,163289,470163,2.879330512
78,tamil nadu,kharif,rice,80,40,40,5.58,297.66,29.56666667,75636,309928,4.097625469
79,tamil nadu,kharif,rice,80,40,40,5.38,297.66,29.56666667,89380,346419,3.875799955
80,tamil nadu,kharif,rice,80,40,40,5.62,297.66,29.56666667,87578,254226,2.902852315
81,tamil nadu,kharif,rice,80,40,40,5.4,297.66,29.56666667,16916,62747,3.709328446
82,tamil nadu,kharif,rice,80,40,40,5.64,297.66,29.56666667,49868,190899,3.828086147
83,tamil nadu,kharif,rice,80,40,40,5.38,297.66,29.56666667,142737,488497,3.422357202
84,tamil nadu,kharif,rice,80,40,40,5.4,297.66,29.56666667,31374,116839,3.724070887
85,tamil nadu,kharif,rice,80,40,40,5.38,297.66,29.56666667,12170,47066,3.8673788
86,tamil nadu,kharif,rice,80,40,40,5.56,297.66,29.56666667,123804,472024,3.812671642
87,tamil nadu,kharif,rice,80,40,40,5.68,297.66,29.56666667,61608,227438,3.691695884
88,tamil nadu,kharif,rice,80,40,40,5.46,297.66,29.56666667,25246,111460,4.414956825
89,tamil nadu,kharif,rice,80,40,40,5.38,297.66,29.56666667,68130,306471,4.498326728
90,tamil nadu,kharif,rice,80,40,40,5.6,297.66,29.56666667,172517,574297,3.328929903
91,tamil nadu,kharif,rice,80,40,40,5.6,297.66,29.56666667,28596,129425,4.525982655
92,tamil nadu,kharif,rice,80,40,40,5.42,297.66,29.56666667,15277,51797,3.390521699
93,tamil nadu,kharif,rice,80,40,40,5.56,297.66,29.56666667,71421,327017,4.578723345
94,tamil nadu,kharif,rice,80,40,40,5.58,297.66,29.56666667,168155,556041,3.306717017
95,tamil nadu,kharif,rice,80,40,40,5.64,297.66,29.56666667,21456,100757,4.695982476
96,tamil nadu,kharif,rice,80,40,40,5.54,297.66,29.56666667,43993,153058,3.479144409
97,tamil nadu,kharif,rice,80,40,40,5.52,297.66,29.56666667,97289,349674,3.59417817
98,tamil nadu,kharif,rice,80,40,40,5.36,297.66,29.56666667,123351,85929,0.696621835
99,tamil nadu,kharif,rice,80,40,40,5.32,297.66,29.56666667,45960,194714,4.236597041
100,tamil nadu,kharif,rice,80,40,40,5.36,297.66,29.56666667,80708,166959,2.068679685
101,tamil nadu,kharif,rice,80,40,40,5.54,297.66,29.56666667,196816,678014,3.444913015
102,tamil nadu,kharif,rice,80,40,40,5.54,297.66,29.56666667,2100,5552,2.643809524
103,tamil nadu,kharif,rice,80,40,40,5.32,297.66,29.56666667,20885,75835,3.631074934
104,tamil nadu,kharif,rice,80,40,40,5.32,297.66,29.56666667,93052,359163,3.859809569
105,tamil nadu,kharif,rice,80,40,40,5.5,297.66,29.56666667,181379,554654,3.057983559
106,tamil nadu,kharif,rice,80,40,40,5.44,297.66,29.56666667,69697,302523,4.340545504
107,tamil nadu,kharif,rice,80,40,40,5.66,297.66,29.56666667,76076,322797,4.243085862
108,tamil nadu,kharif,rice,80,40,40,5.64,297.66,29.56666667,81733,252589,3.090416356
109,tamil nadu,kharif,rice,80,40,40,5.58,297.66,29.56666667,15456,61662,3.989518634
110,tamil nadu,kharif,rice,80,40,40,5.32,297.66,29.56666667,52332,163141,3.117423374
111,tamil nadu,kharif,rice,80,40,40,5.36,297.66,29.56666667,141767,498417,3.51574767
112,tamil nadu,kharif,rice,80,40,40,5.52,297.66,29.56666667,22370,89429,3.997720161
113,tamil nadu,kharif,rice,80,40,40,5.54,297.66,29.56666667,10548,37200,3.526734926
114,tamil nadu,kharif,rice,80,40,40,5.44,297.66,29.56666667,108375,402810,3.716816609
115,tamil nadu,kharif,rice,80,40,40,5.58,297.66,29.56666667,54334,189510,3.487871314
116,tamil nadu,kharif,rice,80,40,40,5.66,297.66,29.56666667,16106,76330,4.739227617
117,tamil nadu,kharif,rice,80,40,40,5.48,297.66,29.56666667,50474,233910,4.634267147
118,tamil nadu,kharif,rice,80,40,40,5.54,297.66,29.56666667,135160,478940,3.543503995
119,tamil nadu,kharif,rice,80,40,40,5.52,297.66,29.56666667,28229,121390,4.30018775
120,tamil nadu,kharif,rice,80,40,40,5.4,297.66,29.56666667,15539,56120,3.611558015
121,tamil nadu,kharif,rice,80,40,40,5.68,297.66,29.56666667,68131,271590,3.986291116
122,tamil nadu,kharif,rice,80,40,40,5.66,297.66,29.56666667,168265,427500,2.540635307
123,tamil nadu,kharif,rice,80,40,40,5.36,297.66,29.56666667,21361,97610,4.569542624
124,tamil nadu,kharif,rice,80,40,40,5.48,297.66,29.56666667,48734,118710,2.43587639
125,tamil nadu,kharif,rice,80,40,40,5.62,297.66,29.56666667,83500,220600,2.641916168
126,tamil nadu,kharif,rice,80,40,40,5.64,297.66,29.56666667,124517,169900,1.364472321
127,tamil nadu,kharif,rice,80,40,40,5.54,297.66,29.56666667,46233,204300,4.41892155
128,tamil nadu,kharif,rice,80,40,40,5.34,297.66,29.56666667,77246,159610,2.066255858
129,tamil nadu,kharif,rice,80,40,40,5.5,297.66,29.56666667,192161,561650,2.922809519
130,tamil nadu,kharif,rice,80,40,40,5.36,297.66,29.56666667,2154,8440,3.918291551
131,tamil nadu,kharif,rice,80,40,40,5.68,297.66,29.56666667,17422,77880,4.470210079
132,tamil nadu,kharif,rice,80,40,40,5.5,297.66,29.56666667,94422,321610,3.406091801
133,tamil nadu,kharif,rice,80,40,40,5.48,297.66,29.56666667,174722,460110,2.633383317
134,tamil nadu,kharif,rice,80,40,40,5.42,297.66,29.56666667,72317,296510,4.100142428
135,tamil nadu,kharif,rice,80,40,40,5.36,297.66,29.56666667,71983,290130,4.030534987
136,tamil nadu,kharif,rice,80,40,40,5.42,297.66,29.56666667,122688,370960,3.023604591
137,tamil nadu,kharif,rice,80,40,40,5.54,297.66,29.56666667,10201,42780,4.193706499
138,tamil nadu,kharif,rice,80,40,40,5.36,297.66,29.56666667,60113,234130,3.894831401
139,tamil nadu,kharif,rice,80,40,40,5.44,297.66,29.56666667,155555,561130,3.607277169
140,tamil nadu,kharif,rice,80,40,40,5.6,297.66,29.56666667,29388,92270,3.139716891
141,tamil nadu,kharif,rice,80,40,40,5.48,297.66,29.56666667,6577,22152,3.368100958
142,tamil nadu,kharif,rice,80,40,40,5.64,297.66,29.56666667,102336,281708,2.752775172
143,tamil nadu,kharif,rice,80,40,40,5.6,297.66,29.56666667,30152,77596,2.573494296
144,tamil nadu,kharif,rice,80,40,40,5.62,297.66,29.56666667,15372,52709,3.428896695
145,tamil nadu,kharif,rice,80,40,40,5.5,297.66,29.56666667,16691,74471,4.461745851
146,tamil nadu,kharif,rice,80,40,40,5.34,297.66,29.56666667,97420,278087,2.854516526
147,tamil nadu,kharif,rice,80,40,40,5.36,297.66,29.56666667,26052,98469,3.779709811
148,tamil nadu,kharif,rice,80,40,40,5.38,297.66,29.56666667,12837,37510,2.922022279
149,tamil nadu,kharif,rice,80,40,40,5.68,297.66,29.56666667,43959,112171,2.551718647
150,tamil nadu,kharif,rice,80,40,40,5.38,297.66,29.56666667,137724,159449,1.157743022
151,tamil nadu,kharif,rice,80,40,40,5.32,297.66,29.56666667,9442,34968,3.703452658
152,tamil nadu,kharif,rice,80,40,40,5.52,297.66,29.56666667,35879,60512,1.686557596
153,tamil nadu,kharif,rice,80,40,40,5.4,297.66,29.56666667,76443,158377,2.071831299
154,tamil nadu,kharif,rice,80,40,40,5.44,297.66,29.56666667,126152,159792,1.266662439
155,tamil nadu,kharif,rice,80,40,40,5.46,297.66,29.56666667,11058,39592,3.580394285
156,tamil nadu,kharif,rice,80,40,40,5.52,297.66,29.56666667,79744,139339,1.747328953
157,tamil nadu,kharif,rice,80,40,40,5.56,297.66,29.56666667,139186,318325,2.287047548
158,tamil nadu,kharif,rice,80,40,40,5.56,297.66,29.56666667,1848,6229,3.370670996
159,tamil nadu,kharif,rice,80,40,40,5.46,297.66,29.56666667,13783,54953,3.987012987
160,tamil nadu,kharif,rice,80,40,40,5.34,297.66,29.56666667,87758,279519,3.185111329
161,tamil nadu,kharif,rice,80,40,40,5.54,297.66,29.56666667,131055,112183,0.85599939
162,tamil nadu,kharif,rice,80,40,40,5.46,297.66,29.56666667,51746,154947,2.994376377
163,tamil nadu,kharif,rice,80,40,40,5.6,297.66,29.56666667,66205,266289,4.022188656
164,tamil nadu,kharif,rice,80,40,40,5.42,297.66,29.56666667,43872,115453,2.631587345
165,tamil nadu,kharif,rice,80,40,40,5.54,297.66,29.56666667,14722,64496,4.380926505
166,tamil nadu,kharif,rice,80,40,40,5.44,297.66,29.56666667,26287,89863,3.418533876
167,tamil nadu,kharif,rice,80,40,40,5.34,297.66,29.56666667,80630,241287,2.992521394
168,tamil nadu,kharif,rice,80,40,40,5.42,297.66,29.56666667,31607,86662,2.74186098
169,tamil nadu,kharif,rice,80,40,40,5.42,297.66,29.56666667,3654,10643,2.912698413
170,tamil nadu,kharif,rice,80,40,40,5.34,297.66,29.56666667,104162,317655,3.049624623
171,tamil nadu,kharif,rice,80,40,40,5.42,297.66,29.56666667,15997,38810,2.42607989
172,tamil nadu,kharif,rice,80,40,40,5.64,297.66,29.56666667,11437,32378,2.830987147
173,tamil nadu,kharif,rice,80,40,40,5.56,297.66,29.56666667,1944,7962,4.095679012
174,tamil nadu,kharif,rice,80,40,40,5.54,297.66,29.56666667,97117,295638,3.044142632
175,tamil nadu,kharif,rice,80,40,40,5.34,297.66,29.56666667,17320,52897,3.054099307
176,tamil nadu,kharif,rice,80,40,40,5.6,297.66,29.56666667,9321,24070,2.582340951
177,tamil nadu,kharif,rice,80,40,40,5.42,297.66,29.56666667,23934,65024,2.716804546
178,tamil nadu,kharif,rice,80,40,40,5.34,297.66,29.56666667,136039,259866,1.910231625
179,tamil nadu,kharif,rice,80,40,40,5.5,297.66,29.56666667,7479,24358,3.25685252
180,tamil nadu,kharif,rice,80,40,40,5.66,297.66,29.56666667,36382,85910,2.361332527
181,tamil nadu,kharif,rice,80,40,40,5.42,297.66,29.56666667,79768,146603,1.837867315
182,tamil nadu,kharif,rice,80,40,40,5.42,297.66,29.56666667,121031,20771,0.171617189
183,tamil nadu,kharif,rice,80,40,40,5.36,297.66,29.56666667,13585,43645,3.212734634
184,tamil nadu,kharif,rice,80,40,40,5.4,297.66,29.56666667,71955,49833,0.692557849
185,tamil nadu,kharif,rice,80,40,40,5.36,297.66,29.56666667,123293,354937,2.878809016
186,tamil nadu,kharif,rice,80,40,40,5.32,297.66,29.56666667,1635,5414,3.311314985
187,tamil nadu,kharif,rice,80,40,40,5.66,297.66,29.56666667,14228,55234,3.882063537
188,tamil nadu,kharif,rice,80,40,40,5.42,297.66,29.56666667,74942,195536,2.60916442
189,tamil nadu,kharif,rice,80,40,40,5.46,297.66,29.56666667,121437,169428,1.395192569
190,tamil nadu,kharif,rice,80,40,40,5.32,297.66,29.56666667,42928,126078,2.936964219
191,tamil nadu,kharif,rice,80,40,40,5.54,297.66,29.56666667,52474,197848,3.770400579
192,tamil nadu,kharif,rice,80,40,40,5.56,297.66,29.56666667,70722,198453,2.806099941
193,tamil nadu,kharif,rice,80,40,40,5.68,297.66,29.56666667,13540,56888,4.201477105
194,tamil nadu,kharif,rice,80,40,40,5.52,297.66,29.56666667,30909,108171,3.499660293
195,tamil nadu,kharif,rice,80,40,40,5.36,297.66,29.56666667,75279,234750,3.118399554
196,tamil nadu,kharif,rice,80,40,40,5.46,297.66,29.56666667,24139,43976,1.821782178
197,tamil nadu,kharif,rice,80,40,40,5.56,297.66,29.56666667,7239,24454,3.378090897
198,tamil nadu,kharif,rice,80,40,40,5.44,297.66,29.56666667,114599,315702,2.754840793
199,tamil nadu,kharif,rice,80,40,40,5.62,297.66,29.56666667,13915,38568,2.771685232
200,tamil nadu,kharif,rice,80,40,40,5.4,297.66,29.56666667,21031,74246,3.530312396
201,tamil nadu,kharif,rice,80,40,40,5.38,297.66,29.56666667,55347,216247,3.907113303
202,tamil nadu,kharif,rice,80,40,40,5.42,297.66,29.56666667,101674,307110,3.020536224
203,tamil nadu,kharif,rice,80,40,40,5.5,297.66,29.56666667,22016,86486,3.928324855
204,tamil nadu,kharif,rice,80,40,40,5.64,297.66,29.56666667,18233,54278,2.976909998
205,tamil nadu,kharif,rice,80,40,40,5.68,297.66,29.56666667,17620,45254,2.568331442
206,tamil nadu,kharif,rice,80,40,40,5.56,297.66,29.56666667,60368,196583,3.256410681
207,tamil nadu,kharif,rice,80,40,40,5.4,297.66,29.56666667,153139,140662,0.918525
208,tamil nadu,kharif,rice,80,40,40,5.54,297.66,29.56666667,9042,28793,3.184361867
209,tamil nadu,kharif,rice,80,40,40,5.66,297.66,29.56666667,46434,108510,2.336865228
210,tamil nadu,kharif,rice,80,40,40,5.62,297.66,29.56666667,94032,277277,2.948751489
211,tamil nadu,kharif,rice,80,40,40,5.54,297.66,29.56666667,126607,254700,2.011737108
212,tamil nadu,kharif,rice,80,40,40,5.38,297.66,29.56666667,27304,96626,3.5388954
213,tamil nadu,kharif,rice,80,40,40,5.66,297.66,29.56666667,85141,179535,2.108678545
214,tamil nadu,kharif,rice,80,40,40,5.48,297.66,29.56666667,160608,439323,2.735374328
215,tamil nadu,kharif,rice,80,40,40,5.32,297.66,29.56666667,1443,4763,3.300762301
216,tamil nadu,kharif,rice,80,40,40,5.56,297.66,29.56666667,16635,67094,4.033303276
217,tamil nadu,kharif,rice,80,40,40,5.62,297.66,29.56666667,66734,199886,2.995264783
218,tamil nadu,kharif,rice,80,40,40,5.64,297.66,29.56666667,148608,239805,1.613674903
219,tamil nadu,kharif,rice,80,40,40,5.42,297.66,29.56666667,62178,205397,3.303370967
220,tamil nadu,kharif,rice,80,40,40,5.68,297.66,29.56666667,86832,358920,4.133499171
221,tamil nadu,kharif,rice,80,40,40,5.32,297.66,29.56666667,116820,330487,2.829027564
222,tamil nadu,kharif,rice,80,40,40,5.44,297.66,29.56666667,16415,67929,4.138227231
223,tamil nadu,kharif,rice,80,40,40,5.54,297.66,29.56666667,29399,90145,3.066260757
224,tamil nadu,kharif,rice,80,40,40,5.4,297.66,29.56666667,163696,525850,3.212357052
225,tamil nadu,kharif,rice,80,40,40,5.48,297.66,29.56666667,29713,86992,2.927742066
226,tamil nadu,kharif,rice,80,40,40,5.42,297.66,29.56666667,7406,20665,2.790305158
227,tamil nadu,kharif,rice,80,40,40,5.56,297.66,29.56666667,114291,218345,1.910430393
228,tamil nadu,kharif,rice,80,40,40,5.6,297.66,29.56666667,29023,85390,2.94214933
229,tamil nadu,kharif,rice,80,40,40,5.58,297.66,29.56666667,23735,75304,3.172698546
230,tamil nadu,kharif,rice,80,40,40,5.54,297.66,29.56666667,43539,179564,4.124210478
231,tamil nadu,kharif,rice,80,40,40,5.64,297.66,29.56666667,114720,293875,2.561671897
232,tamil nadu,kharif,rice,80,40,40,5.32,297.66,29.56666667,21709,82523,3.801326639
233,tamil nadu,kharif,rice,80,40,40,5.36,297.66,29.56666667,18398,48225,2.621208827
234,tamil nadu,kharif,rice,80,40,40,5.6,297.66,29.56666667,21980,57797,2.629526843
235,tamil nadu,kharif,rice,80,40,40,5.5,297.66,29.56666667,70996,234492,3.302890304
236,tamil nadu,kharif,rice,80,40,40,5.66,297.66,29.56666667,158100,136637,0.864244149
237,tamil nadu,kharif,rice,80,40,40,5.66,297.66,29.56666667,18833,68849,3.655763819
238,tamil nadu,kharif,rice,80,40,40,5.52,297.66,29.56666667,45952,114562,2.493079735
239,tamil nadu,kharif,rice,80,40,40,5.36,297.66,29.56666667,95986,232568,2.422936678
240,tamil nadu,kharif,rice,80,40,40,5.66,297.66,29.56666667,127395,247079,1.939471722
241,tamil nadu,kharif,rice,80,40,40,5.32,297.66,29.56666667,37328,137291,3.677962923
242,tamil nadu,kharif,rice,80,40,40,5.62,297.66,29.56666667,89924,192738,2.143343268
243,tamil nadu,kharif,rice,80,40,40,5.52,297.66,29.56666667,154901,399483,2.578956882
244,tamil nadu,kharif,rice,80,40,40,5.68,297.66,29.56666667,1430,4716,3.297902098
245,tamil nadu,kharif,rice,80,40,40,5.42,297.66,29.56666667,15694,65285,4.159870014
246,tamil nadu,kharif,rice,80,40,40,5.68,297.66,29.56666667,96994,271582,2.799987628
247,tamil nadu,kharif,rice,80,40,40,5.56,297.66,29.56666667,156098,243450,1.559597176
248,tamil nadu,kharif,rice,80,40,40,5.48,297.66,29.56666667,79576,236740,2.975017593
249,tamil nadu,kharif,rice,80,40,40,5.48,297.66,29.56666667,86397,309065,3.577265414
250,tamil nadu,kharif,rice,80,40,40,5.42,297.66,29.56666667,142744,393528,2.756879449
251,tamil nadu,kharif,rice,80,40,40,5.34,297.66,29.56666667,19932,81816,4.104756171
252,tamil nadu,kharif,rice,80,40,40,5.38,297.66,29.56666667,58163,167451,2.878995238
253,tamil nadu,kharif,rice,80,40,40,5.62,297.66,29.56666667,168435,511931,3.039338617
254,tamil nadu,kharif,rice,80,40,40,5.62,297.66,29.56666667,30776,98482,3.199961009
255,tamil nadu,kharif,rice,80,40,40,5.62,297.66,29.56666667,6221,24009,3.859347372
256,tamil nadu,kharif,rice,80,40,40,5.44,297.66,29.56666667,105440,392384,3.721396055
257,tamil nadu,kharif,rice,80,40,40,5.32,297.66,29.56666667,21062,76072,3.611812743
258,tamil nadu,kharif,rice,80,40,40,5.42,297.66,29.56666667,18607,81248,4.366528726
259,tamil nadu,kharif,rice,80,40,40,5.4,297.66,29.56666667,38548,161599,4.192150047
260,tamil nadu,kharif,rice,80,40,40,5.64,297.66,29.56666667,103107,395134,3.83227133
261,tamil nadu,kharif,rice,80,40,40,5.48,297.66,29.56666667,21406,94130,4.397365225
262,tamil nadu,kharif,rice,80,40,40,5.64,297.66,29.56666667,13745,48272,3.511967988
263,tamil nadu,kharif,rice,80,40,40,5.46,297.66,29.56666667,17890,51037,2.852822806
264,tamil nadu,kharif,rice,80,40,40,5.54,297.66,29.56666667,67230,267518,3.979146214
265,tamil nadu,kharif,rice,80,40,40,5.56,297.66,29.56666667,165714,630607,3.80539363
266,tamil nadu,kharif,rice,80,40,40,5.58,297.66,29.56666667,15222,57678,3.789121009
267,tamil nadu,kharif,rice,80,40,40,5.32,297.66,29.56666667,41930,131983,3.147698545
268,tamil nadu,kharif,rice,80,40,40,5.36,297.66,29.56666667,93365,283985,3.041664435
269,tamil nadu,kharif,rice,80,40,40,5.36,297.66,29.56666667,130422,223190,1.71129104
270,tamil nadu,kharif,rice,80,40,40,5.58,297.66,29.56666667,27483,99811,3.631735982
271,tamil nadu,kharif,rice,80,40,40,5.5,297.66,29.56666667,81385,109450,1.344842416
272,tamil nadu,kharif,rice,80,40,40,5.66,297.66,29.56666667,164243,598160,3.641920812
273,tamil nadu,kharif,rice,80,40,40,5.58,297.66,29.56666667,1249,3995,3.198558847
274,tamil nadu,kharif,rice,80,40,40,5.42,297.66,29.56666667,14915,64209,4.304994972
275,tamil nadu,kharif,rice,80,40,40,5.42,297.66,29.56666667,89667,318468,3.551674529
276,tamil nadu,kharif,rice,80,40,40,5.48,297.66,29.56666667,176900,586375,3.314725834
277,tamil nadu,kharif,rice,80,40,40,5.46,297.66,29.56666667,71722,282444,3.938038538
278,tamil nadu,kharif,rice,80,40,40,5.5,297.66,29.56666667,91884,385278,4.193091289
279,tamil nadu,kharif,rice,80,40,40,5.52,297.66,29.56666667,111459,366051,3.284176244
280,tamil nadu,kharif,rice,80,40,40,5.44,297.66,29.56666667,21376,94000,4.39745509
281,tamil nadu,kharif,rice,80,40,40,5.6,297.66,29.56666667,41687,129193,3.09911963
282,tamil nadu,kharif,rice,80,40,40,5.44,297.66,29.56666667,144783,496113,3.426597045
283,tamil nadu,kharif,rice,80,40,40,5.48,297.66,29.56666667,32735,158214,4.8331755
284,tamil nadu,kharif,rice,80,40,40,5.34,297.66,29.56666667,6479,24456,3.774656583
285,tamil nadu,kharif,rice,80,40,40,5.56,297.66,29.56666667,102798,335119,3.259975875
286,tamil nadu,kharif,rice,80,40,40,5.66,297.66,29.56666667,18801,70395,3.744215733
287,tamil nadu,kharif,rice,80,40,40,5.38,297.66,29.56666667,17276,67837,3.926661264
288,tamil nadu,kharif,rice,80,40,40,5.44,297.66,29.56666667,38360,166860,4.349843587
289,tamil nadu,kharif,rice,80,40,40,5.42,297.66,29.56666667,91356,345129,3.777847104
290,tamil nadu,kharif,rice,80,40,40,5.44,297.66,29.56666667,20349,90210,4.433141678
291,tamil nadu,kharif,rice,80,40,40,5.64,297.66,29.56666667,12433,40279,3.23968471
292,tamil nadu,kharif,rice,80,40,40,5.46,297.66,29.56666667,14982,47672,3.181951675
293,tamil nadu,kharif,rice,80,40,40,5.66,297.66,29.56666667,61864,214880,3.473425579
294,tamil nadu,kharif,rice,80,40,40,5.32,297.66,29.56666667,154040,289317,1.878193976
295,tamil nadu,kharif,rice,80,40,40,5.44,297.66,29.56666667,12205,45300,3.711593609
296,tamil nadu,kharif,rice,80,40,40,5.52,297.66,29.56666667,38121,95428,2.503292149
297,tamil nadu,kharif,rice,80,40,40,5.48,297.66,29.56666667,88665,159552,1.799492472
298,tamil nadu,kharif,rice,80,40,40,5.58,297.66,29.56666667,123771,29879,0.241405499
299,tamil nadu,kharif,rice,80,40,40,5.56,297.66,29.56666667,21711,72083,3.320114228
300,tamil nadu,kharif,rice,80,40,40,5.64,297.66,29.56666667,76733,78939,1.028749039
301,tamil nadu,kharif,rice,80,40,40,5.5,297.66,29.56666667,150228,479643,3.192766994
302,tamil nadu,kharif,rice,80,40,40,5.56,297.66,29.56666667,1110,4287,3.862162162
303,tamil nadu,kharif,rice,80,40,40,5.66,297.66,29.56666667,14400,61662,4.282083333
304,tamil nadu,kharif,rice,80,40,40,5.66,297.66,29.56666667,78712,286007,3.633588271
305,tamil nadu,kharif,rice,80,40,40,5.48,297.66,29.56666667,151629,311306,2.053076918
306,tamil nadu,kharif,rice,80,40,40,5.56,297.66,29.56666667,61289,227332,3.709181093
307,tamil nadu,kharif,rice,80,40,40,5.44,297.66,29.56666667,83711,323944,3.869790111
308,tamil nadu,kharif,rice,80,40,40,5.34,297.66,29.56666667,112148,385914,3.441113529
309,tamil nadu,kharif,rice,80,40,40,5.4,297.66,29.56666667,18056,64735,3.585234825
310,tamil nadu,kharif,rice,80,40,40,5.68,297.66,29.56666667,44326,148367,3.347177729
311,tamil nadu,kharif,rice,80,40,40,5.44,297.66,29.56666667,145403,480329,3.303432529
312,tamil nadu,kharif,rice,80,40,40,5.56,297.66,29.56666667,28214,93093,3.299532147
313,tamil nadu,kharif,rice,80,40,40,5.5,297.66,29.56666667,2573,25437,9.886125146
314,tamil nadu,kharif,rice,80,40,40,5.6,297.66,29.56666667,107817,223882,2.076499995
315,tamil nadu,kharif,rice,80,40,40,5.5,297.66,29.56666667,20368,77727,3.81613315
316,tamil nadu,kharif,rice,80,40,40,5.38,297.66,29.56666667,19638,72661,3.700020369
317,tamil nadu,kharif,rice,80,40,40,5.5,297.66,29.56666667,38053,196321,5.159146454
318,tamil nadu,kharif,rice,80,40,40,5.4,297.66,29.56666667,90874,329210,3.622708365
319,tamil nadu,kharif,rice,80,40,40,5.38,297.66,29.56666667,18187,83657,4.59982405
320,tamil nadu,kharif,rice,80,40,40,5.6,297.66,29.56666667,15628,60158,3.84937292
321,tamil nadu,kharif,rice,80,40,40,5.4,297.66,29.56666667,14621,52303,3.577251898
322,tamil nadu,kharif,rice,80,40,40,5.62,297.66,29.56666667,66699,267228,4.006476859
323,tamil nadu,kharif,rice,80,40,40,5.58,297.66,29.56666667,170840,225147,1.317882229
324,tamil nadu,kharif,rice,80,40,40,5.32,297.66,29.56666667,13909,67301,4.838665612
325,tamil nadu,kharif,rice,80,40,40,5.36,297.66,29.56666667,12399,113794,9.177675619
326,tamil nadu,kharif,rice,80,40,40,5.4,297.66,29.56666667,96386,179770,1.865104891
327,tamil nadu,kharif,rice,80,40,40,5.36,297.66,29.56666667,128795,202989,1.576062735
328,tamil nadu,kharif,rice,80,40,40,5.36,297.66,29.56666667,29929,120383,4.022286077
329,tamil nadu,kharif,rice,80,40,40,5.62,297.66,29.56666667,80833,132139,1.634716019
330,tamil nadu,kharif,rice,80,40,40,5.32,297.66,29.56666667,177094,357161,2.016787695
331,tamil nadu,kharif,rice,80,40,40,5.54,297.66,29.56666667,775,3046,3.930322581
332,tamil nadu,kharif,rice,80,40,40,5.5,297.66,29.56666667,15579,80292,5.153860967
333,tamil nadu,kharif,rice,80,40,40,5.38,297.66,29.56666667,82240,315864,3.840758755
334,tamil nadu,kharif,rice,80,40,40,5.4,297.66,29.56666667,178040,206611,1.160475174
335,tamil nadu,kharif,rice,80,40,40,5.68,297.66,29.56666667,72530,262384,3.61759272
336,tamil nadu,kharif,rice,80,40,40,5.5,297.66,29.56666667,91320,374214,4.0978318
337,tamil nadu,kharif,rice,80,40,40,5.52,297.66,29.56666667,101886,317944,3.120585753
338,tamil nadu,kharif,rice,80,40,40,5.38,297.66,29.56666667,22401,108163,4.8284898
339,tamil nadu,kharif,rice,80,40,40,5.38,297.66,29.56666667,47417,171873,3.624712656
340,tamil nadu,kharif,rice,80,40,40,5.48,297.66,29.56666667,146641,451139,3.076486112
341,tamil nadu,kharif,rice,80,40,40,5.36,297.66,29.56666667,32497,104587,3.218358618
342,tamil nadu,kharif,rice,80,40,40,5.62,297.66,29.56666667,25978,80462,3.097313111
343,tamil nadu,kharif,rice,80,40,40,5.4,297.66,29.56666667,2817,9884,3.508697196
344,tamil nadu,kharif,rice,80,40,40,5.48,297.66,29.56666667,111517,322962,2.896078625
345,tamil nadu,kharif,rice,80,40,40,5.4,297.66,29.56666667,20310,79675,3.922944362
346,tamil nadu,kharif,rice,80,40,40,5.56,297.66,29.56666667,16647,78849,4.736529104
347,tamil nadu,kharif,rice,80,40,40,5.48,297.66,29.56666667,38114,156419,4.103977541
348,tamil nadu,kharif,rice,80,40,40,5.58,297.66,29.56666667,91020,331434,3.641331575
349,tamil nadu,kharif,rice,80,40,40,5.64,297.66,29.56666667,17307,76237,4.404980644
350,tamil nadu,kharif,rice,80,40,40,5.54,297.66,29.56666667,15013,64087,4.268767069
351,tamil nadu,kharif,rice,80,40,40,5.64,297.66,29.56666667,16490,64976,3.940327471
352,tamil nadu,kharif,rice,80,40,40,5.44,297.66,29.56666667,50986,203616,3.993566861
353,tamil nadu,kharif,rice,80,40,40,5.66,297.66,29.56666667,157855,432029,2.736872446
354,tamil nadu,kharif,rice,80,40,40,5.46,297.66,29.56666667,10687,45946,4.29924207
355,tamil nadu,kharif,rice,80,40,40,5.32,297.66,29.56666667,12089,42372,3.50500455
356,tamil nadu,kharif,rice,80,40,40,5.62,297.66,29.56666667,95302,188449,1.977387673
357,tamil nadu,kharif,rice,80,40,40,5.48,297.66,29.56666667,133885,234880,1.754341412
358,tamil nadu,kharif,rice,80,40,40,5.42,297.66,29.56666667,24382,106464,4.366499877
359,tamil nadu,kharif,rice,80,40,40,5.52,297.66,29.56666667,77332,138095,1.785741996
360,tamil nadu,kharif,rice,80,40,40,5.46,297.66,29.56666667,162938,427142,2.621500203
361,tamil nadu,kharif,rice,80,40,40,5.38,297.66,29.56666667,509,1783,3.502946955
362,tamil nadu,kharif,rice,80,40,40,5.34,297.66,29.56666667,15371,77710,5.055624227
363,tamil nadu,kharif,rice,80,40,40,5.44,297.66,29.56666667,80942,256294,3.166390749
364,tamil nadu,kharif,rice,80,40,40,5.34,297.66,29.56666667,166252,483125,2.905980078
365,tamil nadu,kharif,rice,80,40,40,5.52,297.66,29.56666667,64296,266272,4.141346273
366,tamil nadu,kharif,rice,80,40,40,5.4,297.66,29.56666667,85994,355877,4.138393376
367,tamil nadu,kharif,rice,80,40,40,5.46,297.66,29.56666667,11958,50179,4.196270279
368,tamil nadu,kharif,rice,80,40,40,5.54,297.66,29.56666667,105177,324984,3.089877064
369,tamil nadu,kharif,rice,80,40,40,5.58,297.66,29.56666667,19549,96675,4.945265742
370,tamil nadu,kharif,rice,80,40,40,5.68,297.66,29.56666667,39765,135834,3.415918521
371,tamil nadu,kharif,rice,80,40,40,5.36,297.66,29.56666667,148454,467831,3.151353281
372,tamil nadu,kharif,rice,80,40,40,5.32,297.66,29.56666667,26617,64716,2.431378442
373,tamil nadu,kharif,rice,80,40,40,5.64,297.66,29.56666667,25211,97869,3.881995954
374,tamil nadu,kharif,rice,80,40,40,5.6,297.66,29.56666667,2666,10419,3.908102026
375,tamil nadu,kharif,rice,80,40,40,5.56,297.66,29.56666667,115815,301506,2.603341536
376,tamil nadu,kharif,rice,80,40,40,5.58,297.66,29.56666667,22862,93207,4.0769399
377,tamil nadu,kharif,rice,80,40,40,5.52,297.66,29.56666667,18349,98053,5.343778953
378,tamil nadu,kharif,rice,80,40,40,5.44,297.66,29.56666667,36659,154538,4.215554161
379,tamil nadu,kharif,rice,80,40,40,5.56,297.66,29.56666667,95739,378628,3.954793762
380,tamil nadu,kharif,rice,80,40,40,5.34,297.66,29.56666667,16989,80387,4.731708753
381,tamil nadu,kharif,rice,80,40,40,5.38,297.66,29.56666667,14808,56991,3.848662885
382,tamil nadu,kharif,rice,80,40,40,5.52,297.66,29.56666667,16337,70126,4.292464957
383,tamil nadu,kharif,rice,80,40,40,5.54,297.66,29.56666667,61064,260055,4.258728547
384,tamil nadu,kharif,rice,80,40,40,5.56,297.66,29.56666667,156049,321506,2.060288755
385,tamil nadu,kharif,rice,80,40,40,5.62,297.66,29.56666667,14058,53956,3.838099303
386,tamil nadu,kharif,rice,80,40,40,5.6,297.66,29.56666667,14245,54714,3.840926641
387,tamil nadu,kharif,rice,80,40,40,5.5,297.66,29.56666667,92901,208874,2.248350395
388,tamil nadu,kharif,rice,80,40,40,5.44,297.66,29.56666667,131397,253999,1.933065443
389,tamil nadu,kharif,rice,80,40,40,5.68,297.66,29.56666667,33296,147778,4.438310908
390,tamil nadu,kharif,rice,80,40,40,5.66,297.66,29.56666667,83927,188417,2.245010545
391,tamil nadu,kharif,rice,80,40,40,5.38,297.66,29.56666667,166209,476793,2.868635272
392,tamil nadu,kharif,rice,80,40,40,5.38,297.66,29.56666667,392,1400,3.571428571
393,tamil nadu,kharif,rice,80,40,40,5.34,297.66,29.56666667,15355,74010,4.819928362
394,tamil nadu,kharif,rice,80,40,40,5.5,297.66,29.56666667,83219,250210,3.006645117
395,tamil nadu,kharif,rice,80,40,40,5.52,297.66,29.56666667,160237,285589,1.782291231
396,tamil nadu,kharif,rice,80,40,40,5.48,297.66,29.56666667,67165,268136,3.992198318
397,tamil nadu,kharif,rice,80,40,40,5.64,297.66,29.56666667,79764,351822,4.410786821
398,tamil nadu,kharif,rice,80,40,40,5.62,297.66,29.56666667,11797,46945,3.979401543
399,tamil nadu,kharif,rice,80,40,40,5.54,297.66,29.56666667,125490,357692,2.850362579
400,tamil nadu,kharif,rice,80,40,40,5.66,297.66,29.56666667,20007,89442,4.470535313
401,tamil nadu,kharif,rice,80,40,40,5.6,297.66,29.56666667,43222,152825,3.535815094
402,tamil nadu,kharif,rice,80,40,40,5.54,297.66,29.56666667,149929,512013,3.415036451
403,tamil nadu,kharif,rice,80,40,40,5.68,297.66,29.56666667,30568,94515,3.091958911
404,tamil nadu,whole year,maize,80,40,20,5.64,884.5,27.65454545,15763,17720,1.124151494
405,tamil nadu,whole year,maize,80,40,20,5.44,884.5,27.65454545,3,10,3.333333333
406,tamil nadu,whole year,maize,80,40,20,5.5,884.5,27.65454545,358,390,1.089385475
407,tamil nadu,whole year,maize,80,40,20,5.5,884.5,27.65454545,25017,49310,1.971059679
408,tamil nadu,whole year,maize,80,40,20,5.48,884.5,27.65454545,3133,7150,2.282157676
409,tamil nadu,whole year,maize,80,40,20,5.54,884.5,27.65454545,306,620,2.026143791
410,tamil nadu,whole year,maize,80,40,20,5.62,884.5,27.65454545,59,150,2.542372881
411,tamil nadu,whole year,maize,80,40,20,5.66,884.5,27.65454545,705,1310,1.858156028
412,tamil nadu,whole year,maize,80,40,20,5.66,884.5,27.65454545,351,420,1.196581197
413,tamil nadu,whole year,maize,80,40,20,5.32,884.5,27.65454545,184,380,2.065217391
414,tamil nadu,whole year,maize,80,40,20,5.56,884.5,27.65454545,1253,2330,1.859537111
415,tamil nadu,whole year,maize,80,40,20,5.52,884.5,27.65454545,191,510,2.670157068
416,tamil nadu,whole year,maize,80,40,20,5.34,884.5,27.65454545,3204,6460,2.016229713
417,tamil nadu,whole year,maize,80,40,20,5.54,884.5,27.65454545,19,50,2.631578947
418,tamil nadu,whole year,maize,80,40,20,5.44,884.5,27.65454545,6,10,1.666666667
419,tamil nadu,whole year,maize,80,40,20,5.5,884.5,27.65454545,2384,1290,0.541107383
420,tamil nadu,whole year,maize,80,40,20,5.54,884.5,27.65454545,217,360,1.658986175
421,tamil nadu,whole year,maize,80,40,20,5.48,884.5,27.65454545,2106,950,0.451092118
422,tamil nadu,whole year,maize,80,40,20,5.36,884.5,27.65454545,242,400,1.652892562
423,tamil nadu,whole year,maize,80,40,20,5.5,884.5,27.65454545,2543,5120,2.013370035
424,tamil nadu,kharif,maize,80,40,20,5.58,297.66,29.56666667,18828,21163,1.124017421
425,tamil nadu,kharif,maize,80,40,20,5.68,297.66,29.56666667,30,50,1.666666667
426,tamil nadu,kharif,maize,80,40,20,5.38,297.66,29.56666667,1124,1229,1.09341637
427,tamil nadu,kharif,maize,80,40,20,5.42,297.66,29.56666667,21767,42903,1.971011164
428,tamil nadu,kharif,maize,80,40,20,5.68,297.66,29.56666667,4383,10006,2.282911248
429,tamil nadu,kharif,maize,80,40,20,5.52,297.66,29.56666667,8,10,1.25
430,tamil nadu,kharif,maize,80,40,20,5.58,297.66,29.56666667,1025,2066,2.015609756
431,tamil nadu,kharif,maize,80,40,20,5.44,297.66,29.56666667,14,37,2.642857143
432,tamil nadu,kharif,maize,80,40,20,5.36,297.66,29.56666667,447,831,1.859060403
433,tamil nadu,kharif,maize,80,40,20,5.38,297.66,29.56666667,468,556,1.188034188
434,tamil nadu,kharif,maize,80,40,20,5.6,297.66,29.56666667,1004,2073,2.064741036
435,tamil nadu,kharif,maize,80,40,20,5.62,297.66,29.56666667,1360,2528,1.858823529
436,tamil nadu,kharif,maize,80,40,20,5.66,297.66,29.56666667,74,40,0.540540541
437,tamil nadu,kharif,maize,80,40,20,5.46,297.66,29.56666667,79,209,2.64556962
438,tamil nadu,kharif,maize,80,40,20,5.46,297.66,29.56666667,7039,14191,2.016053417
439,tamil nadu,kharif,maize,80,40,20,5.6,297.66,29.56666667,34,40,1.176470588
440,tamil nadu,kharif,maize,80,40,20,5.5,297.66,29.56666667,3863,2098,0.543101217
441,tamil nadu,kharif,maize,80,40,20,5.5,297.66,29.56666667,499,831,1.665330661
442,tamil nadu,kharif,maize,80,40,20,5.6,297.66,29.56666667,3181,1435,0.451116001
443,tamil nadu,kharif,maize,80,40,20,5.52,297.66,29.56666667,820,1361,1.659756098
444,tamil nadu,kharif,maize,80,40,20,5.68,297.66,29.56666667,4132,8326,2.01500484
445,tamil nadu,kharif,maize,80,40,20,5.64,297.66,29.56666667,19841,22328,1.125346505
446,tamil nadu,kharif,maize,80,40,20,5.5,297.66,29.56666667,97,194,2
447,tamil nadu,kharif,maize,80,40,20,5.52,297.66,29.56666667,1129,1239,1.097431355
448,tamil nadu,kharif,maize,80,40,20,5.54,297.66,29.56666667,40500,80317,1.983135802
449,tamil nadu,kharif,maize,80,40,20,5.54,297.66,29.56666667,4566,10444,2.287341218
450,tamil nadu,kharif,maize,80,40,20,5.52,297.66,29.56666667,983,1971,2.00508647
451,tamil nadu,kharif,maize,80,40,20,5.36,297.66,29.56666667,11,29,2.636363636
452,tamil nadu,kharif,maize,80,40,20,5.52,297.66,29.56666667,566,911,1.609540636
453,tamil nadu,kharif,maize,80,40,20,5.36,297.66,29.56666667,668,1075,1.609281437
454,tamil nadu,kharif,maize,80,40,20,5.52,297.66,29.56666667,1675,3474,2.074029851
455,tamil nadu,kharif,maize,80,40,20,5.48,297.66,29.56666667,2309,4296,1.860545691
456,tamil nadu,kharif,maize,80,40,20,5.44,297.66,29.56666667,6,10,1.666666667
457,tamil nadu,kharif,maize,80,40,20,5.38,297.66,29.56666667,274,733,2.675182482
458,tamil nadu,kharif,maize,80,40,20,5.5,297.66,29.56666667,16589,26701,1.609560552
459,tamil nadu,kharif,maize,80,40,20,5.34,297.66,29.56666667,333,399,1.198198198
460,tamil nadu,kharif,maize,80,40,20,5.46,297.66,29.56666667,8355,4547,0.544225015
461,tamil nadu,kharif,maize,80,40,20,5.58,297.66,29.56666667,873,1455,1.666666667
462,tamil nadu,kharif,maize,80,40,20,5.5,297.66,29.56666667,6672,2982,0.446942446
463,tamil nadu,kharif,maize,80,40,20,5.68,297.66,29.56666667,872,1401,1.606651376
464,tamil nadu,kharif,maize,80,40,20,5.52,297.66,29.56666667,9484,19259,2.030683256
465,tamil nadu,kharif,maize,80,40,20,5.38,297.66,29.56666667,18075,20341,1.125366528
466,tamil nadu,kharif,maize,80,40,20,5.68,297.66,29.56666667,80,160,2
467,tamil nadu,kharif,maize,80,40,20,5.46,297.66,29.56666667,1259,1381,1.096902303
468,tamil nadu,kharif,maize,80,40,20,5.38,297.66,29.56666667,38561,76472,1.983143591
469,tamil nadu,kharif,maize,80,40,20,5.52,297.66,29.56666667,6391,14618,2.287278986
470,tamil nadu,kharif,maize,80,40,20,5.68,297.66,29.56666667,101,163,1.613861386
471,tamil nadu,kharif,maize,80,40,20,5.68,297.66,29.56666667,560,1123,2.005357143
472,tamil nadu,kharif,maize,80,40,20,5.4,297.66,29.56666667,581,935,1.60929432
473,tamil nadu,kharif,maize,80,40,20,5.66,297.66,29.56666667,5577,8977,1.609646763
474,tamil nadu,kharif,maize,80,40,20,5.34,297.66,29.56666667,1217,2524,2.073952342
475,tamil nadu,kharif,maize,80,40,20,5.46,297.66,29.56666667,6115,11376,1.860343418
476,tamil nadu,kharif,maize,80,40,20,5.36,297.66,29.56666667,4,6,1.5
477,tamil nadu,kharif,maize,80,40,20,5.42,297.66,29.56666667,152,406,2.671052632
478,tamil nadu,kharif,maize,80,40,20,5.36,297.66,29.56666667,13,21,1.615384615
479,tamil nadu,kharif,maize,80,40,20,5.38,297.66,29.56666667,15112,24324,1.609581789
480,tamil nadu,kharif,maize,80,40,20,5.42,297.66,29.56666667,1265,1516,1.198418972
481,tamil nadu,kharif,maize,80,40,20,5.66,297.66,29.56666667,7194,3916,0.544342508
482,tamil nadu,kharif,maize,80,40,20,5.58,297.66,29.56666667,256,427,1.66796875
483,tamil nadu,kharif,maize,80,40,20,5.46,297.66,29.56666667,5718,2555,0.446834558
484,tamil nadu,kharif,maize,80,40,20,5.48,297.66,29.56666667,740,1189,1.606756757
485,tamil nadu,kharif,maize,80,40,20,5.64,297.66,29.56666667,1565,2608,1.666453674
486,tamil nadu,kharif,maize,80,40,20,5.66,297.66,29.56666667,9266,18816,2.030649687
487,tamil nadu,kharif,maize,80,40,20,5.56,297.66,29.56666667,18242,20520,1.124876658
488,tamil nadu,kharif,maize,80,40,20,5.36,297.66,29.56666667,325,727,2.236923077
489,tamil nadu,kharif,maize,80,40,20,5.64,297.66,29.56666667,1020,1122,1.1
490,tamil nadu,kharif,maize,80,40,20,5.54,297.66,29.56666667,31125,61590,1.978795181
491,tamil nadu,kharif,maize,80,40,20,5.6,297.66,29.56666667,7354,16806,2.285286919
492,tamil nadu,kharif,maize,80,40,20,5.56,297.66,29.56666667,5,15,3
493,tamil nadu,kharif,maize,80,40,20,5.58,297.66,29.56666667,614,1233,2.008143322
494,tamil nadu,kharif,maize,80,40,20,5.56,297.66,29.56666667,2,5,2.5
495,tamil nadu,kharif,maize,80,40,20,5.32,297.66,29.56666667,427,796,1.864168618
496,tamil nadu,kharif,maize,80,40,20,5.68,297.66,29.56666667,23042,27297,1.18466279
497,tamil nadu,kharif,maize,80,40,20,5.36,297.66,29.56666667,233,479,2.055793991
498,tamil nadu,kharif,maize,80,40,20,5.62,297.66,29.56666667,13,15,1.153846154
499,tamil nadu,kharif,maize,80,40,20,5.6,297.66,29.56666667,7018,13053,1.859931604
500,tamil nadu,kharif,maize,80,40,20,5.6,297.66,29.56666667,187,500,2.673796791
501,tamil nadu,kharif,maize,80,40,20,5.56,297.66,29.56666667,7154,14355,2.006569751
502,tamil nadu,kharif,maize,80,40,20,5.46,297.66,29.56666667,14,40,2.857142857
503,tamil nadu,kharif,maize,80,40,20,5.58,297.66,29.56666667,3551,4916,1.384398761
504,tamil nadu,kharif,maize,80,40,20,5.36,297.66,29.56666667,6269,4915,0.78401659
505,tamil nadu,kharif,maize,80,40,20,5.56,297.66,29.56666667,16,27,1.6875
506,tamil nadu,kharif,maize,80,40,20,5.34,297.66,29.56666667,3931,2709,0.689137624
507,tamil nadu,kharif,maize,80,40,20,5.48,297.66,29.56666667,805,1335,1.658385093
508,tamil nadu,kharif,maize,80,40,20,5.52,297.66,29.56666667,811,1180,1.454993835
509,tamil nadu,kharif,maize,80,40,20,5.6,297.66,29.56666667,8899,18011,2.023935274
510,tamil nadu,kharif,maize,80,40,20,5.4,297.66,29.56666667,21839,24570,1.125051513
511,tamil nadu,kharif,maize,80,40,20,5.56,297.66,29.56666667,1886,3805,2.017497349
512,tamil nadu,kharif,maize,80,40,20,5.48,297.66,29.56666667,209,230,1.100478469
513,tamil nadu,kharif,maize,80,40,20,5.36,297.66,29.56666667,35153,69615,1.980343072
514,tamil nadu,kharif,maize,80,40,20,5.42,297.66,29.56666667,10495,23991,2.285945688
515,tamil nadu,kharif,maize,80,40,20,5.5,297.66,29.56666667,12,19,1.583333333
516,tamil nadu,kharif,maize,80,40,20,5.54,297.66,29.56666667,31,76,2.451612903
517,tamil nadu,kharif,maize,80,40,20,5.46,297.66,29.56666667,794,1591,2.003778338
518,tamil nadu,kharif,maize,80,40,20,5.68,297.66,29.56666667,62,164,2.64516129
519,tamil nadu,kharif,maize,80,40,20,5.4,297.66,29.56666667,626,1167,1.864217252
520,tamil nadu,kharif,maize,80,40,20,5.44,297.66,29.56666667,36861,43581,1.182306503
521,tamil nadu,kharif,maize,80,40,20,5.68,297.66,29.56666667,202,415,2.054455446
522,tamil nadu,kharif,maize,80,40,20,5.44,297.66,29.56666667,11207,20845,1.859998215
523,tamil nadu,kharif,maize,80,40,20,5.38,297.66,29.56666667,7,14,2
524,tamil nadu,kharif,maize,80,40,20,5.32,297.66,29.56666667,735,1966,2.674829932
525,tamil nadu,kharif,maize,80,40,20,5.34,297.66,29.56666667,6557,13145,2.004727772
526,tamil nadu,kharif,maize,80,40,20,5.42,297.66,29.56666667,56,164,2.928571429
527,tamil nadu,kharif,maize,80,40,20,5.66,297.66,29.56666667,6369,8458,1.327994976
528,tamil nadu,kharif,maize,80,40,20,5.36,297.66,29.56666667,6204,5165,0.832527402
529,tamil nadu,kharif,maize,80,40,20,5.64,297.66,29.56666667,127,212,1.669291339
530,tamil nadu,kharif,maize,80,40,20,5.4,297.66,29.56666667,4588,3380,0.736704446
531,tamil nadu,kharif,maize,80,40,20,5.38,297.66,29.56666667,670,1112,1.659701493
532,tamil nadu,kharif,maize,80,40,20,5.36,297.66,29.56666667,7006,10190,1.454467599
533,tamil nadu,kharif,maize,80,40,20,5.36,297.66,29.56666667,8429,17077,2.02598173
534,tamil nadu,kharif,maize,80,40,20,5.52,297.66,29.56666667,24692,27779,1.125020249
535,tamil nadu,kharif,maize,80,40,20,5.44,297.66,29.56666667,3950,7589,1.921265823
536,tamil nadu,kharif,maize,80,40,20,5.5,297.66,29.56666667,202,223,1.103960396
537,tamil nadu,kharif,maize,80,40,20,5.34,297.66,29.56666667,34067,67489,1.981066721
538,tamil nadu,kharif,maize,80,40,20,5.36,297.66,29.56666667,15759,36028,2.286185672
539,tamil nadu,kharif,maize,80,40,20,5.34,297.66,29.56666667,27,42,1.555555556
540,tamil nadu,kharif,maize,80,40,20,5.62,297.66,29.56666667,176,431,2.448863636
541,tamil nadu,kharif,maize,80,40,20,5.34,297.66,29.56666667,103,113,1.097087379
542,tamil nadu,kharif,maize,80,40,20,5.42,297.66,29.56666667,826,1657,2.006053269
543,tamil nadu,kharif,maize,80,40,20,5.62,297.66,29.56666667,29,75,2.586206897
544,tamil nadu,kharif,maize,80,40,20,5.68,297.66,29.56666667,1975,3682,1.864303797
545,tamil nadu,kharif,maize,80,40,20,5.5,297.66,29.56666667,57423,67998,1.184159657
546,tamil nadu,kharif,maize,80,40,20,5.5,297.66,29.56666667,914,1877,2.053610503
547,tamil nadu,kharif,maize,80,40,20,5.56,297.66,29.56666667,137,160,1.167883212
548,tamil nadu,kharif,maize,80,40,20,5.48,297.66,29.56666667,13785,25639,1.859920203
549,tamil nadu,kharif,maize,80,40,20,5.68,297.66,29.56666667,2,4,2
550,tamil nadu,kharif,maize,80,40,20,5.62,297.66,29.56666667,840,2246,2.673809524
551,tamil nadu,kharif,maize,80,40,20,5.5,297.66,29.56666667,6172,12377,2.005346727
552,tamil nadu,kharif,maize,80,40,20,5.66,297.66,29.56666667,9,27,3
553,tamil nadu,kharif,maize,80,40,20,5.34,297.66,29.56666667,6441,8424,1.307871449
554,tamil nadu,kharif,maize,80,40,20,5.66,297.66,29.56666667,6886,6130,0.890212024
555,tamil nadu,kharif,maize,80,40,20,5.34,297.66,29.56666667,286,478,1.671328671
556,tamil nadu,kharif,maize,80,40,20,5.38,297.66,29.56666667,4203,3339,0.794432548
557,tamil nadu,kharif,maize,80,40,20,5.68,297.66,29.56666667,1040,1726,1.659615385
558,tamil nadu,kharif,maize,80,40,20,5.48,297.66,29.56666667,1713,2491,1.454173964
559,tamil nadu,kharif,maize,80,40,20,5.64,297.66,29.56666667,8236,16693,2.026833414
560,tamil nadu,whole year,maize,80,40,20,5.6,884.5,27.65454545,21528,115949,5.385962467
561,tamil nadu,whole year,maize,80,40,20,5.54,884.5,27.65454545,7882,20383,2.586018777
562,tamil nadu,whole year,maize,80,40,20,5.56,884.5,27.65454545,258,1308,5.069767442
563,tamil nadu,whole year,maize,80,40,20,5.6,884.5,27.65454545,36957,148387,4.015125687
564,tamil nadu,whole year,maize,80,40,20,5.32,884.5,27.65454545,14703,86706,5.897163844
565,tamil nadu,whole year,maize,80,40,20,5.46,884.5,27.65454545,5,13,2.6
566,tamil nadu,whole year,maize,80,40,20,5.42,884.5,27.65454545,172,573,3.331395349
567,tamil nadu,whole year,maize,80,40,20,5.54,884.5,27.65454545,98,518,5.285714286
568,tamil nadu,whole year,maize,80,40,20,5.38,884.5,27.65454545,2014,5653,2.806852036
569,tamil nadu,whole year,maize,80,40,20,5.6,884.5,27.65454545,7,37,5.285714286
570,tamil nadu,whole year,maize,80,40,20,5.5,884.5,27.65454545,2764,14053,5.084298119
571,tamil nadu,whole year,maize,80,40,20,5.46,884.5,27.65454545,54235,114750,2.115792385
572,tamil nadu,whole year,maize,80,40,20,5.38,884.5,27.65454545,1555,12962,8.335691318
573,tamil nadu,whole year,maize,80,40,20,5.54,884.5,27.65454545,25,133,5.32
574,tamil nadu,whole year,maize,80,40,20,5.48,884.5,27.65454545,7825,30187,3.857763578
575,tamil nadu,whole year,maize,80,40,20,5.48,884.5,27.65454545,2,11,5.5
576,tamil nadu,whole year,maize,80,40,20,5.46,884.5,27.65454545,762,4449,5.838582677
577,tamil nadu,whole year,maize,80,40,20,5.6,884.5,27.65454545,9164,50454,5.505674378
578,tamil nadu,whole year,maize,80,40,20,5.32,884.5,27.65454545,3,16,5.333333333
579,tamil nadu,whole year,maize,80,40,20,5.34,884.5,27.65454545,7476,30669,4.102327448
580,tamil nadu,whole year,maize,80,40,20,5.6,884.5,27.65454545,8773,23529,2.681978799
581,tamil nadu,whole year,maize,80,40,20,5.66,884.5,27.65454545,193,548,2.839378238
582,tamil nadu,whole year,maize,80,40,20,5.52,884.5,27.65454545,6509,18319,2.814410816
583,tamil nadu,whole year,maize,80,40,20,5.62,884.5,27.65454545,370,1710,4.621621622
584,tamil nadu,whole year,maize,80,40,20,5.64,884.5,27.65454545,1209,5954,4.924731183
585,tamil nadu,whole year,maize,80,40,20,5.66,884.5,27.65454545,13293,71841,5.404423381
586,tamil nadu,whole year,maize,80,40,20,5.36,884.5,27.65454545,21203,111874,5.276328821
587,tamil nadu,whole year,maize,80,40,20,5.48,884.5,27.65454545,12318,25314,2.055041403
588,tamil nadu,whole year,maize,80,40,20,5.32,884.5,27.65454545,307,1540,5.016286645
589,tamil nadu,whole year,maize,80,40,20,5.66,884.5,27.65454545,40321,177153,4.393566628
590,tamil nadu,whole year,maize,80,40,20,5.36,884.5,27.65454545,20473,106435,5.198798417
591,tamil nadu,whole year,maize,80,40,20,5.58,884.5,27.65454545,5,27,5.4
592,tamil nadu,whole year,maize,80,40,20,5.64,884.5,27.65454545,801,2126,2.654182272
593,tamil nadu,whole year,maize,80,40,20,5.38,884.5,27.65454545,94,429,4.563829787
594,tamil nadu,whole year,maize,80,40,20,5.48,884.5,27.65454545,4359,11557,2.651296169
595,tamil nadu,whole year,maize,80,40,20,5.6,884.5,27.65454545,4377,24088,5.503312771
596,tamil nadu,whole year,maize,80,40,20,5.34,884.5,27.65454545,56337,68180,1.210217086
597,tamil nadu,whole year,maize,80,40,20,5.46,884.5,27.65454545,2309,14301,6.193590299
598,tamil nadu,whole year,maize,80,40,20,5.4,884.5,27.65454545,3,8,2.666666667
599,tamil nadu,whole year,maize,80,40,20,5.52,884.5,27.65454545,12150,43405,3.572427984
600,tamil nadu,whole year,maize,80,40,20,5.46,884.5,27.65454545,6,15,2.5
601,tamil nadu,whole year,maize,80,40,20,5.36,884.5,27.65454545,1226,4081,3.328711256
602,tamil nadu,whole year,maize,80,40,20,5.42,884.5,27.65454545,8665,47376,5.467512983
603,tamil nadu,whole year,maize,80,40,20,5.48,884.5,27.65454545,6,32,5.333333333
604,tamil nadu,whole year,maize,80,40,20,5.56,884.5,27.65454545,7765,20430,2.631036703
605,tamil nadu,whole year,maize,80,40,20,5.62,884.5,27.65454545,5756,14649,2.544996525
606,tamil nadu,whole year,maize,80,40,20,5.52,884.5,27.65454545,319,850,2.664576803
607,tamil nadu,whole year,maize,80,40,20,5.58,884.5,27.65454545,7444,51833,6.963057496
608,tamil nadu,whole year,maize,80,40,20,5.42,884.5,27.65454545,511,1970,3.85518591
609,tamil nadu,whole year,maize,80,40,20,5.44,884.5,27.65454545,3422,12739,3.722676797
610,tamil nadu,whole year,maize,80,40,20,5.56,884.5,27.65454545,13246,69618,5.255775328
611,tamil nadu,whole year,maize,80,40,20,5.58,884.5,27.65454545,5692,146154,25.67709065
612,tamil nadu,whole year,maize,80,40,20,5.38,884.5,27.65454545,11881,21720,1.828128945
613,tamil nadu,whole year,maize,80,40,20,5.32,884.5,27.65454545,403,2129,5.282878412
614,tamil nadu,whole year,maize,80,40,20,5.62,884.5,27.65454545,48142,314292,6.528436708
615,tamil nadu,whole year,maize,80,40,20,5.54,884.5,27.65454545,17685,174320,9.85694091
616,tamil nadu,whole year,maize,80,40,20,5.48,884.5,27.65454545,646,3751,5.806501548
617,tamil nadu,whole year,maize,80,40,20,5.44,884.5,27.65454545,88,284,3.227272727
618,tamil nadu,whole year,maize,80,40,20,5.44,884.5,27.65454545,4608,15014,3.258246528
619,tamil nadu,whole year,maize,80,40,20,5.44,884.5,27.65454545,27,162,6
620,tamil nadu,whole year,maize,80,40,20,5.6,884.5,27.65454545,7937,43589,5.491873504
621,tamil nadu,whole year,maize,80,40,20,5.48,884.5,27.65454545,38864,71441,1.838230753
622,tamil nadu,whole year,maize,80,40,20,5.32,884.5,27.65454545,3507,20803,5.931850585
623,tamil nadu,whole year,maize,80,40,20,5.36,884.5,27.65454545,300,1733,5.776666667
624,tamil nadu,whole year,maize,80,40,20,5.54,884.5,27.65454545,33410,96374,2.884585453
625,tamil nadu,whole year,maize,80,40,20,5.5,884.5,27.65454545,4,15,3.75
626,tamil nadu,whole year,maize,80,40,20,5.6,884.5,27.65454545,2409,12489,5.184308842
627,tamil nadu,whole year,maize,80,40,20,5.62,884.5,27.65454545,16306,99743,6.116950816
628,tamil nadu,whole year,maize,80,40,20,5.34,884.5,27.65454545,1,6,6
629,tamil nadu,whole year,maize,80,40,20,5.62,884.5,27.65454545,7309,11443,1.56560405
630,tamil nadu,whole year,maize,80,40,20,5.44,884.5,27.65454545,9378,33289,3.549690766
631,tamil nadu,whole year,maize,80,40,20,5.58,884.5,27.65454545,4139,23971,5.79149553
632,tamil nadu,whole year,maize,80,40,20,5.44,884.5,27.65454545,12650,57210,4.522529644
633,tamil nadu,whole year,maize,80,40,20,5.46,884.5,27.65454545,465,2722,5.853763441
634,tamil nadu,whole year,maize,80,40,20,5.56,884.5,27.65454545,6022,28390,4.714380604
635,tamil nadu,whole year,maize,80,40,20,5.34,884.5,27.65454545,16466,76838,4.666464229
636,tamil nadu,whole year,maize,80,40,20,5.48,884.5,27.65454545,9979,23891,2.394127668
637,tamil nadu,whole year,maize,80,40,20,5.66,884.5,27.65454545,5130,28486,5.552826511
638,tamil nadu,whole year,maize,80,40,20,5.68,884.5,27.65454545,10759,21642,2.011525235
639,tamil nadu,whole year,maize,80,40,20,5.66,884.5,27.65454545,480,2372,4.941666667
640,tamil nadu,whole year,maize,80,40,20,5.5,884.5,27.65454545,39531,243457,6.158634995
641,tamil nadu,whole year,maize,80,40,20,5.46,884.5,27.65454545,13781,92829,6.736013352
642,tamil nadu,whole year,maize,80,40,20,5.66,884.5,27.65454545,407,2570,6.314496314
643,tamil nadu,whole year,maize,80,40,20,5.4,884.5,27.65454545,121,542,4.479338843
644,tamil nadu,whole year,maize,80,40,20,5.34,884.5,27.65454545,4553,14042,3.08412036
645,tamil nadu,whole year,maize,80,40,20,5.64,884.5,27.65454545,6,38,6.333333333
646,tamil nadu,whole year,maize,80,40,20,5.34,884.5,27.65454545,5323,27470,5.160623708
647,tamil nadu,whole year,maize,80,40,20,5.5,884.5,27.65454545,39046,83422,2.13650566
648,tamil nadu,whole year,maize,80,40,20,5.62,884.5,27.65454545,3061,22889,7.477621692
649,tamil nadu,whole year,maize,80,40,20,5.68,884.5,27.65454545,152,518,3.407894737
650,tamil nadu,whole year,maize,80,40,20,5.38,884.5,27.65454545,24632,121754,4.942919779
651,tamil nadu,whole year,maize,80,40,20,5.62,884.5,27.65454545,67,241,3.597014925
652,tamil nadu,whole year,maize,80,40,20,5.44,884.5,27.65454545,1496,8608,5.754010695
653,tamil nadu,whole year,maize,80,40,20,5.44,884.5,27.65454545,11655,67134,5.76010296
654,tamil nadu,whole year,maize,80,40,20,5.58,884.5,27.65454545,1,3,3
655,tamil nadu,whole year,maize,80,40,20,5.6,884.5,27.65454545,7318,45836,6.263459962
656,tamil nadu,whole year,maize,80,40,20,5.46,884.5,27.65454545,8675,35042,4.039423631
657,tamil nadu,whole year,maize,80,40,20,5.36,884.5,27.65454545,26079,179078,6.866751026
658,tamil nadu,whole year,maize,80,40,20,5.52,884.5,27.65454545,511,2719,5.320939335
659,tamil nadu,whole year,maize,80,40,20,5.46,884.5,27.65454545,13321,43151,3.239321372
660,tamil nadu,whole year,maize,80,40,20,5.48,884.5,27.65454545,396,2528,6.383838384
661,tamil nadu,whole year,maize,80,40,20,5.36,884.5,27.65454545,3811,17527,4.599055366
662,tamil nadu,whole year,maize,80,40,20,5.64,884.5,27.65454545,13868,50337,3.629723104
663,tamil nadu,kharif,maize,80,40,20,5.48,297.66,29.56666667,9996,8630,0.863345338
664,tamil nadu,kharif,maize,80,40,20,5.38,297.66,29.56666667,3847,22512,5.851832597
665,tamil nadu,kharif,maize,80,40,20,5.44,297.66,29.56666667,12158,17927,1.474502385
666,tamil nadu,kharif,maize,80,40,20,5.42,297.66,29.56666667,645,2519,3.905426357
667,tamil nadu,kharif,maize,80,40,20,5.66,297.66,29.56666667,39629,216794,5.47058972
668,tamil nadu,kharif,maize,80,40,20,5.5,297.66,29.56666667,12575,74744,5.943856859
669,tamil nadu,kharif,maize,80,40,20,5.46,297.66,29.56666667,5,19,3.8
670,tamil nadu,kharif,maize,80,40,20,5.56,297.66,29.56666667,789,3044,3.858048162
671,tamil nadu,kharif,maize,80,40,20,5.38,297.66,29.56666667,233,915,3.927038627
672,tamil nadu,kharif,maize,80,40,20,5.38,297.66,29.56666667,3848,15238,3.95997921
673,tamil nadu,kharif,maize,80,40,20,5.38,297.66,29.56666667,24,93,3.875
674,tamil nadu,kharif,maize,80,40,20,5.38,297.66,29.56666667,9097,65298,7.17797076
675,tamil nadu,kharif,maize,80,40,20,5.4,297.66,29.56666667,32108,89070,2.774074997
676,tamil nadu,kharif,maize,80,40,20,5.42,297.66,29.56666667,2888,20732,7.17867036
677,tamil nadu,kharif,maize,80,40,20,5.44,297.66,29.56666667,216,1178,5.453703704
678,tamil nadu,kharif,maize,80,40,20,5.64,297.66,29.56666667,24143,122867,5.089135567
679,tamil nadu,kharif,maize,80,40,20,5.58,297.66,29.56666667,1,5,5
680,tamil nadu,kharif,maize,80,40,20,5.4,297.66,29.56666667,1090,6241,5.725688073
681,tamil nadu,kharif,maize,80,40,20,5.56,297.66,29.56666667,9006,58382,6.482567177
682,tamil nadu,kharif,maize,80,40,20,5.56,297.66,29.56666667,2,8,4
683,tamil nadu,kharif,maize,80,40,20,5.46,297.66,29.56666667,4751,23544,4.955588297
684,tamil nadu,kharif,maize,80,40,20,5.58,297.66,29.56666667,7055,22468,3.184691708
685,tamil nadu,kharif,maize,80,40,20,5.44,297.66,29.56666667,24537,121374,4.946570485
686,tamil nadu,kharif,maize,80,40,20,5.32,297.66,29.56666667,225,842,3.742222222
687,tamil nadu,kharif,maize,80,40,20,5.54,297.66,29.56666667,17495,61816,3.533352386
688,tamil nadu,kharif,maize,80,40,20,5.66,297.66,29.56666667,336,1593,4.741071429
689,tamil nadu,kharif,maize,80,40,20,5.38,297.66,29.56666667,3015,14227,4.718739635
690,tamil nadu,kharif,maize,80,40,20,5.42,297.66,29.56666667,10775,55456,5.146728538
